api_spec_id,dependency_vuln,adoption_lag_days,adopted,adopted_version,adopted_commit_sha,fix_available_date,vulnerable_commit_sha,vulnerable_commit_date,repo,ecosystem
6,black_GHSA-fj7x-q9j7-g6q6_PYSEC-2024-48,,False,,,2024-03-15,d820b3da7d179a9ccfbbb3a334fc525b45aae596,2023-05-09,kurusugawa-computer/annofab-api-python-client,python
6,certifi_GHSA-248v-346w-9cwc_GHSA-xqr8-7jwr-rhp7,387.0,True,2024.7.4,c0372cc3a1c83322556476af67a8d3c335c24bd4,2023-07-22,d820b3da7d179a9ccfbbb3a334fc525b45aae596,2023-05-09,kurusugawa-computer/annofab-api-python-client,python
6,idna_GHSA-jjg7-2v4v-x38h_PYSEC-2024-60,3.0,True,3.7,41e6a1aa0ab52bb2d8f41bc811781328a68487ea,2024-04-11,d820b3da7d179a9ccfbbb3a334fc525b45aae596,2023-05-09,kurusugawa-computer/annofab-api-python-client,python
6,jinja2_GHSA-cpwx-vrp4-4pq7_GHSA-gmj6-6f8f-6699,4.0,True,3.1.3,62d8e4e12ce8a72bb297f462384df7247434285b,2024-01-10,d820b3da7d179a9ccfbbb3a334fc525b45aae596,2023-05-09,kurusugawa-computer/annofab-api-python-client,python
6,pillow_GHSA-3f63-hfp8-52jq_GHSA-44wm-f244-xhp3,192.0,True,10.2.0,35dc66980eb5709c88dcdf4f617ac0648b1d9a30,2023-07-01,d820b3da7d179a9ccfbbb3a334fc525b45aae596,2023-05-09,kurusugawa-computer/annofab-api-python-client,python
6,pygments_PYSEC-2023-117,,False,,,2023-04-18,d820b3da7d179a9ccfbbb3a334fc525b45aae596,2023-05-09,kurusugawa-computer/annofab-api-python-client,python
6,requests_GHSA-9hjg-9r4m-mvj7_GHSA-9wx4-h78v-vm56,232.0,True,2.31.0,35dc66980eb5709c88dcdf4f617ac0648b1d9a30,2023-05-22,d820b3da7d179a9ccfbbb3a334fc525b45aae596,2023-05-09,kurusugawa-computer/annofab-api-python-client,python
6,urllib3_GHSA-34jh-p97f-mpxf_GHSA-g4mx-q9vg-27p4,315.0,True,2.2.2,c0372cc3a1c83322556476af67a8d3c335c24bd4,2023-10-02,d820b3da7d179a9ccfbbb3a334fc525b45aae596,2023-05-09,kurusugawa-computer/annofab-api-python-client,python
6,zipp_GHSA-jfmj-5v4g-7637,,False,,,2024-05-31,d820b3da7d179a9ccfbbb3a334fc525b45aae596,2023-05-09,kurusugawa-computer/annofab-api-python-client,python
6,certifi_GHSA-248v-346w-9cwc_PYSEC-2024-230,40.0,True,2024.7.4,c0372cc3a1c83322556476af67a8d3c335c24bd4,2024-07-04,35dc66980eb5709c88dcdf4f617ac0648b1d9a30,2024-01-09,kurusugawa-computer/annofab-api-python-client,python
6,pillow_GHSA-44wm-f244-xhp3,13.0,True,10.3.0,fae6e86a6298ca25d5872e314918b9ca18946a27,2024-04-01,35dc66980eb5709c88dcdf4f617ac0648b1d9a30,2024-01-09,kurusugawa-computer/annofab-api-python-client,python
6,urllib3_GHSA-34jh-p97f-mpxf_GHSA-pq67-6m6q-mj2v,56.0,True,2.2.2,c0372cc3a1c83322556476af67a8d3c335c24bd4,2024-06-17,35dc66980eb5709c88dcdf4f617ac0648b1d9a30,2024-01-09,kurusugawa-computer/annofab-api-python-client,python
6,urllib3_GHSA-34jh-p97f-mpxf_GHSA-48p4-8xcf-vxj5,56.0,True,2.2.2,c0372cc3a1c83322556476af67a8d3c335c24bd4,2024-06-17,2961e2b18c40f4ccc272ee4c5ec0ad804c62261c,2024-03-05,kurusugawa-computer/annofab-api-python-client,python
6,requests_GHSA-9hjg-9r4m-mvj7,,False,,,2025-06-09,1c913a31a2275a3ccd47190a3acfba06f91d82fe,2024-05-28,kurusugawa-computer/annofab-api-python-client,python
6,urllib3_GHSA-48p4-8xcf-vxj5_GHSA-pq67-6m6q-mj2v,,False,,,2025-06-18,c0372cc3a1c83322556476af67a8d3c335c24bd4,2024-08-13,kurusugawa-computer/annofab-api-python-client,python
6,jinja2_GHSA-cpwx-vrp4-4pq7,15.0,True,3.1.6,bea73d9ed97924d4244916f264312a5f90d96e06,2025-03-05,a25cf2fd59d53109450a54e8bb8140bf340ddb9a,2025-01-06,kurusugawa-computer/annofab-api-python-client,python
15,com.google.code.gson:gson_GHSA-4jrv-ppp4-jm57,,False,,,,,,,
22,brace-expansion_GHSA-v6h2-p8h4-qcjw,,False,,,2025-06-11,a1ec66cd87f160b71bf54870e30939037af965cd,2022-05-10,dgarcia360/openapi-boilerplate,javascript
22,braces_GHSA-grv7-fg5c-xmjg,42.0,True,3.0.3,75d67bdd66558e9652039094d0aa390178a821bb,2024-05-21,a1ec66cd87f160b71bf54870e30939037af965cd,2022-05-10,dgarcia360/openapi-boilerplate,javascript
22,ip_GHSA-2p57-rm9w-gvfp_GHSA-78xj-cgh5-2h22,15.0,True,1.1.9,4b0aed06650afd4ca08bc87c144b340d4e307fc4,2024-02-19,a1ec66cd87f160b71bf54870e30939037af965cd,2022-05-10,dgarcia360/openapi-boilerplate,javascript
22,js-yaml_GHSA-mh29-5h37-fv8m,,False,,,2025-11-12,a1ec66cd87f160b71bf54870e30939037af965cd,2022-05-10,dgarcia360/openapi-boilerplate,javascript
22,jsonpath-plus_GHSA-hw8r-x6gr-5gjp_GHSA-pppg-cpfq-h7wr,61.0,True,10.2.0,61b501d06598c3d0240a1dedd998e9054e6afecc,2024-11-17,a1ec66cd87f160b71bf54870e30939037af965cd,2022-05-10,dgarcia360/openapi-boilerplate,javascript
22,lodash.set_GHSA-p6mc-m468-83gw,,False,,,,,,,
22,micromatch_GHSA-952p-6rrq-rcjv,147.0,True,4.0.8,4f23875d3e72e64fa41d7aebd4cc24a60372f7f0,2024-08-23,a1ec66cd87f160b71bf54870e30939037af965cd,2022-05-10,dgarcia360/openapi-boilerplate,javascript
22,minimatch_GHSA-f8q6-p94x-37v3,,False,,,2022-02-06,a1ec66cd87f160b71bf54870e30939037af965cd,2022-05-10,dgarcia360/openapi-boilerplate,javascript
22,helper-annotate-as-pure_MAL-2025-3250,,False,,,,,,,
22,helper-function-name_MAL-2025-3252,,False,,,,,,,
22,helper-get-function-arity_MAL-2025-3253,,False,,,,,,,
22,helper-split-export-declaration_MAL-2025-3257,,False,,,,,,,
22,helper-validator-identifier_MAL-2025-47885,,False,,,,,,,
22,browserify-sign_GHSA-x9w5-v3q2-3rhw,,False,,,2023-10-25,a1ec66cd87f160b71bf54870e30939037af965cd,2022-05-10,dgarcia360/openapi-boilerplate,javascript
22,cipher-base_GHSA-cpq7-6gpm-g9rc,,False,,,2024-11-17,a1ec66cd87f160b71bf54870e30939037af965cd,2022-05-10,dgarcia360/openapi-boilerplate,javascript
22,dompurify_GHSA-gx9m-whjm-85jf_GHSA-mmhx-hmjr-r674,765.0,True,3.2.4,98b109f1ee845b0477c465cf4a47585ad90fe93b,2023-01-05,a1ec66cd87f160b71bf54870e30939037af965cd,2022-05-10,dgarcia360/openapi-boilerplate,javascript
22,elliptic_GHSA-434g-2637-qmqr_GHSA-49q7-c7j4-3p7m,,False,,,2024-07-17,a1ec66cd87f160b71bf54870e30939037af965cd,2022-05-10,dgarcia360/openapi-boilerplate,javascript
22,pbkdf2_GHSA-h7cp-r72f-jxh6_GHSA-v62p-rq8g-8h59,,False,,,2025-06-20,a1ec66cd87f160b71bf54870e30939037af965cd,2022-05-10,dgarcia360/openapi-boilerplate,javascript
22,prismjs_GHSA-x7hr-w5r2-h6wg,93.0,True,1.30.0,c930cadd7a58c196a3a7e6de358ce41deb0de44e,2025-03-10,a1ec66cd87f160b71bf54870e30939037af965cd,2022-05-10,dgarcia360/openapi-boilerplate,javascript
22,redoc_GHSA-9rhg-254w-fh9x,1.0,True,2.4.0,98b109f1ee845b0477c465cf4a47585ad90fe93b,2025-02-07,a1ec66cd87f160b71bf54870e30939037af965cd,2022-05-10,dgarcia360/openapi-boilerplate,javascript
22,serialize-javascript_GHSA-76p7-773f-r4q5,,False,,,2024-01-09,a1ec66cd87f160b71bf54870e30939037af965cd,2022-05-10,dgarcia360/openapi-boilerplate,javascript
22,sha.js_GHSA-95m3-7q98-8xr5,,False,,,2025-07-01,a1ec66cd87f160b71bf54870e30939037af965cd,2022-05-10,dgarcia360/openapi-boilerplate,javascript
22,terser_GHSA-4wf5-vphf-c2xc,,False,,,2022-07-13,a1ec66cd87f160b71bf54870e30939037af965cd,2022-05-10,dgarcia360/openapi-boilerplate,javascript
22,webpack_GHSA-4vvj-4cpr-p986_GHSA-hc6q-2mpp-qw7j,,False,,,2023-03-08,a1ec66cd87f160b71bf54870e30939037af965cd,2022-05-10,dgarcia360/openapi-boilerplate,javascript
22,rollup_GHSA-gcx4-mw62-g8wm,118.0,True,2.79.2,4f23875d3e72e64fa41d7aebd4cc24a60372f7f0,2024-09-21,a1ec66cd87f160b71bf54870e30939037af965cd,2022-05-10,dgarcia360/openapi-boilerplate,javascript
22,validator_GHSA-9965-vmph-33xx,,False,,,2025-10-26,a1ec66cd87f160b71bf54870e30939037af965cd,2022-05-10,dgarcia360/openapi-boilerplate,javascript
22,vm2_GHSA-4w2j-2rg4-5mjw_GHSA-7jxr-cg7f-gpgv,98.0,True,3.9.11,999cfe2a77aad4c17d8e9a21a0a7f24fe20361ae,2022-07-05,a1ec66cd87f160b71bf54870e30939037af965cd,2022-05-10,dgarcia360/openapi-boilerplate,javascript
22,word-wrap_GHSA-j8xg-fqg3-53r7,,False,,,2023-07-18,a1ec66cd87f160b71bf54870e30939037af965cd,2022-05-10,dgarcia360/openapi-boilerplate,javascript
22,got_GHSA-pfrx-2q88-qq97,,False,,,2022-05-25,9a7dc37c3c198c444025a92012e5ada0746e89c1,2022-08-11,dgarcia360/openapi-boilerplate,javascript
22,http-cache-semantics_GHSA-rc47-6667-2j5j,,False,,,2023-01-27,9a7dc37c3c198c444025a92012e5ada0746e89c1,2022-08-11,dgarcia360/openapi-boilerplate,javascript
22,semver_GHSA-c2qf-rxjj-qqgw,67.0,True,5.7.2,8c3800b93a0caf4523c7ae2b059303f6d8b0c843,2023-06-15,9a7dc37c3c198c444025a92012e5ada0746e89c1,2022-08-11,dgarcia360/openapi-boilerplate,javascript
22,gen-mapping_MAL-2022-3326,,False,,,,,,,
22,vm2_GHSA-7jxr-cg7f-gpgv_GHSA-cchq-frgv-rjh5,,False,,,2023-04-06,999cfe2a77aad4c17d8e9a21a0a7f24fe20361ae,2022-10-11,dgarcia360/openapi-boilerplate,javascript
22,@babel/helpers_GHSA-968p-4wvh-cqc8,,False,,,2025-03-11,8c3800b93a0caf4523c7ae2b059303f6d8b0c843,2023-08-22,dgarcia360/openapi-boilerplate,javascript
22,@babel/runtime_GHSA-968p-4wvh-cqc8,,False,,,2025-03-11,8c3800b93a0caf4523c7ae2b059303f6d8b0c843,2023-08-22,dgarcia360/openapi-boilerplate,javascript
22,@babel/traverse_GHSA-67hx-6x53-jw92,,False,,,2023-10-11,8c3800b93a0caf4523c7ae2b059303f6d8b0c843,2023-08-22,dgarcia360/openapi-boilerplate,javascript
22,vm2_GHSA-cchq-frgv-rjh5_GHSA-g644-9gfx-q4q4,,False,,,,,,,
22,webpack_GHSA-4vvj-4cpr-p986,,False,,,2024-08-22,8c3800b93a0caf4523c7ae2b059303f6d8b0c843,2023-08-22,dgarcia360/openapi-boilerplate,javascript
22,ws_GHSA-3h5v-q93c-6h6q,15.0,True,7.5.10,aa08243b872b3a5fb85c295de757a7f11b40e65b,2024-06-16,8c3800b93a0caf4523c7ae2b059303f6d8b0c843,2023-08-22,dgarcia360/openapi-boilerplate,javascript
22,form-data_GHSA-fjxv-7rqg-78g4,4.0,True,4.0.4,e4afd735dfd3fa4e41a61e120d1aa14d02160020,2025-07-17,13d73513da178d82d43ebe51fdea44153aba86b4,2024-02-02,dgarcia360/openapi-boilerplate,javascript
22,nanoid_GHSA-mwcw-c2x4-8c55,52.0,True,3.3.8,4f23875d3e72e64fa41d7aebd4cc24a60372f7f0,2024-11-26,13d73513da178d82d43ebe51fdea44153aba86b4,2024-02-02,dgarcia360/openapi-boilerplate,javascript
22,ip_GHSA-2p57-rm9w-gvfp,,False,,,,,,,
22,dompurify_GHSA-vhxf-7vqr-mrjg,9.0,True,3.2.4,98b109f1ee845b0477c465cf4a47585ad90fe93b,2025-01-30,4f23875d3e72e64fa41d7aebd4cc24a60372f7f0,2025-01-18,dgarcia360/openapi-boilerplate,javascript
22,jsonpath-plus_GHSA-hw8r-x6gr-5gjp,,False,,,2025-02-14,61b501d06598c3d0240a1dedd998e9054e6afecc,2025-01-18,dgarcia360/openapi-boilerplate,javascript
22,undici_GHSA-cxrh-j4jr-qwg3,,False,,,2025-03-12,85fc460c3a511cecf3bad29b9adfdada5073e999,2025-02-25,dgarcia360/openapi-boilerplate,javascript
28,axios_GHSA-4hjh-wcwx-xvwj,,False,,,2025-09-11,df918451aee9a9cad7c87e71c903ae63cdb8c576,2025-07-21,hpi-schul-cloud/schulcloud-server,javascript
28,brace-expansion_GHSA-v6h2-p8h4-qcjw,78.0,True,1.1.12,5af1703e16ceb2fdf7aa2f6fc43755dffef86aab,2025-06-11,df918451aee9a9cad7c87e71c903ae63cdb8c576,2025-07-21,hpi-schul-cloud/schulcloud-server,javascript
28,js-yaml_GHSA-mh29-5h37-fv8m,,False,,,2025-11-12,df918451aee9a9cad7c87e71c903ae63cdb8c576,2025-07-21,hpi-schul-cloud/schulcloud-server,javascript
28,multer_GHSA-fjgf-rc76-4x9p,41.0,True,2.0.2,5af1703e16ceb2fdf7aa2f6fc43755dffef86aab,2025-07-17,df918451aee9a9cad7c87e71c903ae63cdb8c576,2025-07-21,hpi-schul-cloud/schulcloud-server,javascript
28,form-data_GHSA-fjxv-7rqg-78g4,6.0,True,4.0.4,d113037ccfbb87d13141f7a6f36f23231611da37,2025-07-17,df918451aee9a9cad7c87e71c903ae63cdb8c576,2025-07-21,hpi-schul-cloud/schulcloud-server,javascript
28,formidable_GHSA-75v8-2h7p-7m2m,,False,,,2025-04-18,df918451aee9a9cad7c87e71c903ae63cdb8c576,2025-07-21,hpi-schul-cloud/schulcloud-server,javascript
28,colors_GHSA-gh88-3pxp-6fm8,,False,,,,,,,
28,on-headers_GHSA-76c9-3jph-rj3q,3.0,True,1.1.0,19e9e65f4647d2e30bf42feb3fe753d95aee5fee,2025-07-17,df918451aee9a9cad7c87e71c903ae63cdb8c576,2025-07-21,hpi-schul-cloud/schulcloud-server,javascript
28,tmp_GHSA-52f5-9888-hmc6,,False,,,2025-08-06,df918451aee9a9cad7c87e71c903ae63cdb8c576,2025-07-21,hpi-schul-cloud/schulcloud-server,javascript
28,validator_GHSA-9965-vmph-33xx,3.0,True,13.15.20,b0ae2fd8b4282530add031c5df807a9f52c59305,2025-10-26,df918451aee9a9cad7c87e71c903ae63cdb8c576,2025-07-21,hpi-schul-cloud/schulcloud-server,javascript
28,glob_GHSA-5j98-mcp5-4vw2,,False,,,2025-11-17,219d13ab5b2770d1c9c87f18509a5ccf169302df,2025-09-30,hpi-schul-cloud/schulcloud-server,javascript
60,certifi_GHSA-43fp-rhv2-5gv8_GHSA-xqr8-7jwr-rhp7,,False,,,2022-12-07,ac6a40307a55a2456c0af84aef75a25f83db41c5,2019-04-11,g-harel/cards-amusing-humanity,python
60,flask_GHSA-m2qf-hxjv-5gpq_PYSEC-2023-62,,False,,,2023-05-01,ac6a40307a55a2456c0af84aef75a25f83db41c5,2019-04-11,g-harel/cards-amusing-humanity,python
60,idna_GHSA-jjg7-2v4v-x38h_PYSEC-2024-60,,False,,,2024-04-11,ac6a40307a55a2456c0af84aef75a25f83db41c5,2019-04-11,g-harel/cards-amusing-humanity,python
60,jinja2_GHSA-cpwx-vrp4-4pq7_GHSA-g3rq-g295-4j3m,,False,,,2021-01-31,ac6a40307a55a2456c0af84aef75a25f83db41c5,2019-04-11,g-harel/cards-amusing-humanity,python
60,pyjwt_GHSA-ffqj-6fqr-9h24_PYSEC-2022-202,,False,,,2022-05-12,ac6a40307a55a2456c0af84aef75a25f83db41c5,2019-04-11,g-harel/cards-amusing-humanity,python
60,requests_GHSA-9hjg-9r4m-mvj7_GHSA-9wx4-h78v-vm56,,False,,,2023-05-22,ac6a40307a55a2456c0af84aef75a25f83db41c5,2019-04-11,g-harel/cards-amusing-humanity,python
60,urllib3_GHSA-34jh-p97f-mpxf_GHSA-g4mx-q9vg-27p4,8.0,True,1.24.2,c75e51fdd90fa78d661d29ecc737a3d308af386a,2019-04-17,ac6a40307a55a2456c0af84aef75a25f83db41c5,2019-04-11,g-harel/cards-amusing-humanity,python
60,werkzeug_GHSA-2g68-c3qc-8985_GHSA-f9vj-2wh5-fj8j,,False,,,2019-05-14,ac6a40307a55a2456c0af84aef75a25f83db41c5,2019-04-11,g-harel/cards-amusing-humanity,python
60,py_GHSA-hj5v-574p-mj7c_PYSEC-2020-92,,False,,,2020-12-12,c75e51fdd90fa78d661d29ecc737a3d308af386a,2019-04-26,g-harel/cards-amusing-humanity,python
73,carrierwave_GHSA-gxhx-g4fq-49hj_GHSA-vfmv-jfc5-pjjw,,False,,,2023-11-29,65a0635f23c9076e730c706bde66e43a2e760fe8,2025-10-20,gitlabhq/gitlabhq,ruby
73,devise-two-factor_GHSA-qjxf-mc72-wjr2,,False,,,2024-09-17,65a0635f23c9076e730c706bde66e43a2e760fe8,2025-10-20,gitlabhq/gitlabhq,ruby
73,rack_GHSA-6xw4-3v39-52mm_GHSA-p543-xpfm-54cp,19.0,True,2.2.20,ef4bbaf9322b50b3ad2816334c9efb71318f922b,2025-10-07,65a0635f23c9076e730c706bde66e43a2e760fe8,2025-10-20,gitlabhq/gitlabhq,ruby
82,flask_GHSA-m2qf-hxjv-5gpq_PYSEC-2023-62,,False,,,2023-05-01,809c245afdc3e416c54812044a62927e6846e053,2019-03-22,g-harel/cards-amusing-humanity,python
82,jinja2_GHSA-462w-v97r-4m45_GHSA-cpwx-vrp4-4pq7,1.0,True,2.10.1,10e2fbff6371ba62bdd05d18bda685d1b78fb0ee,2019-04-06,809c245afdc3e416c54812044a62927e6846e053,2019-03-22,g-harel/cards-amusing-humanity,python
82,werkzeug_GHSA-2g68-c3qc-8985_GHSA-f9vj-2wh5-fj8j,,False,,,2019-05-14,809c245afdc3e416c54812044a62927e6846e053,2019-03-22,g-harel/cards-amusing-humanity,python
82,certifi_GHSA-43fp-rhv2-5gv8_GHSA-xqr8-7jwr-rhp7,,False,,,2022-12-07,10e2fbff6371ba62bdd05d18bda685d1b78fb0ee,2019-04-07,g-harel/cards-amusing-humanity,python
82,idna_GHSA-jjg7-2v4v-x38h_PYSEC-2024-60,,False,,,2024-04-11,10e2fbff6371ba62bdd05d18bda685d1b78fb0ee,2019-04-07,g-harel/cards-amusing-humanity,python
82,jinja2_GHSA-cpwx-vrp4-4pq7_GHSA-g3rq-g295-4j3m,,False,,,2021-01-31,10e2fbff6371ba62bdd05d18bda685d1b78fb0ee,2019-04-07,g-harel/cards-amusing-humanity,python
82,pyjwt_GHSA-ffqj-6fqr-9h24_PYSEC-2022-202,,False,,,2022-05-12,10e2fbff6371ba62bdd05d18bda685d1b78fb0ee,2019-04-07,g-harel/cards-amusing-humanity,python
82,requests_GHSA-9hjg-9r4m-mvj7_GHSA-9wx4-h78v-vm56,,False,,,2023-05-22,10e2fbff6371ba62bdd05d18bda685d1b78fb0ee,2019-04-07,g-harel/cards-amusing-humanity,python
82,urllib3_GHSA-34jh-p97f-mpxf_GHSA-g4mx-q9vg-27p4,8.0,True,1.24.2,1d57f68a04cb65b19b7ed2aaf8f0038525cf196e,2019-04-17,10e2fbff6371ba62bdd05d18bda685d1b78fb0ee,2019-04-07,g-harel/cards-amusing-humanity,python
83,@babel/runtime_GHSA-968p-4wvh-cqc8,,False,,,2025-03-11,97ea53f394d41db49917d5dfe1c943c207c77bec,2021-02-16,Sage-Bionetworks/nlp-sandbox-schemas,javascript
83,@babel/traverse_GHSA-67hx-6x53-jw92,,False,,,2023-10-11,97ea53f394d41db49917d5dfe1c943c207c77bec,2021-02-16,Sage-Bionetworks/nlp-sandbox-schemas,javascript
83,ajv_GHSA-v88g-cgmw-v5xw,,False,,,2020-07-04,97ea53f394d41db49917d5dfe1c943c207c77bec,2021-02-16,Sage-Bionetworks/nlp-sandbox-schemas,javascript
83,ansi-regex_GHSA-93q8-gq69-wqmw,,False,,,2021-09-10,97ea53f394d41db49917d5dfe1c943c207c77bec,2021-02-16,Sage-Bionetworks/nlp-sandbox-schemas,javascript
83,semver_GHSA-c2qf-rxjj-qqgw,,False,,,2023-06-15,97ea53f394d41db49917d5dfe1c943c207c77bec,2021-02-16,Sage-Bionetworks/nlp-sandbox-schemas,javascript
83,async_GHSA-fwr7-v2mv-hh25,,False,,,2021-10-28,97ea53f394d41db49917d5dfe1c943c207c77bec,2021-02-16,Sage-Bionetworks/nlp-sandbox-schemas,javascript
83,brace-expansion_GHSA-v6h2-p8h4-qcjw,,False,,,2025-06-11,97ea53f394d41db49917d5dfe1c943c207c77bec,2021-02-16,Sage-Bionetworks/nlp-sandbox-schemas,javascript
83,braces_GHSA-grv7-fg5c-xmjg,,False,,,2024-05-21,97ea53f394d41db49917d5dfe1c943c207c77bec,2021-02-16,Sage-Bionetworks/nlp-sandbox-schemas,javascript
83,browserify-sign_GHSA-x9w5-v3q2-3rhw,,False,,,2023-10-25,97ea53f394d41db49917d5dfe1c943c207c77bec,2021-02-16,Sage-Bionetworks/nlp-sandbox-schemas,javascript
83,cipher-base_GHSA-cpq7-6gpm-g9rc,,False,,,2024-11-17,97ea53f394d41db49917d5dfe1c943c207c77bec,2021-02-16,Sage-Bionetworks/nlp-sandbox-schemas,javascript
83,cookiejar_GHSA-h452-7996-h45h,,False,,,2023-01-13,97ea53f394d41db49917d5dfe1c943c207c77bec,2021-02-16,Sage-Bionetworks/nlp-sandbox-schemas,javascript
83,cross-spawn_GHSA-3xgq-45jj-v275,,False,,,2024-11-07,97ea53f394d41db49917d5dfe1c943c207c77bec,2021-02-16,Sage-Bionetworks/nlp-sandbox-schemas,javascript
83,debug_GHSA-gxpj-cx7g-858c,1259.0,True,3.2.7,5e0e07af21d1faa816425723b7ed17791426cf27,2017-09-22,97ea53f394d41db49917d5dfe1c943c207c77bec,2021-02-16,Sage-Bionetworks/nlp-sandbox-schemas,javascript
83,decode-uri-component_GHSA-w573-4hg7-7wgq,,False,,,2022-12-01,97ea53f394d41db49917d5dfe1c943c207c77bec,2021-02-16,Sage-Bionetworks/nlp-sandbox-schemas,javascript
83,degenerator_GHSA-9j49-mfvp-vmhm,,False,,,2021-07-12,97ea53f394d41db49917d5dfe1c943c207c77bec,2021-02-16,Sage-Bionetworks/nlp-sandbox-schemas,javascript
83,dompurify_GHSA-gx9m-whjm-85jf_GHSA-mmhx-hmjr-r674,,False,,,2023-01-05,97ea53f394d41db49917d5dfe1c943c207c77bec,2021-02-16,Sage-Bionetworks/nlp-sandbox-schemas,javascript
83,elliptic_GHSA-434g-2637-qmqr_GHSA-49q7-c7j4-3p7m,,False,,,2021-02-02,97ea53f394d41db49917d5dfe1c943c207c77bec,2021-02-16,Sage-Bionetworks/nlp-sandbox-schemas,javascript
83,form-data_GHSA-fjxv-7rqg-78g4,,False,,,2025-07-17,97ea53f394d41db49917d5dfe1c943c207c77bec,2021-02-16,Sage-Bionetworks/nlp-sandbox-schemas,javascript
83,glob-parent_GHSA-ww39-953v-wcq6,25.0,True,5.1.2,221fd632d836dda5f07cf0b0298b31cfead96bb9,2021-03-06,97ea53f394d41db49917d5dfe1c943c207c77bec,2021-02-16,Sage-Bionetworks/nlp-sandbox-schemas,javascript
83,micromatch_GHSA-952p-6rrq-rcjv,,False,,,2024-08-23,97ea53f394d41db49917d5dfe1c943c207c77bec,2021-02-16,Sage-Bionetworks/nlp-sandbox-schemas,javascript
83,got_GHSA-pfrx-2q88-qq97,,False,,,2022-05-25,97ea53f394d41db49917d5dfe1c943c207c77bec,2021-02-16,Sage-Bionetworks/nlp-sandbox-schemas,javascript
83,handlebars_GHSA-765h-qjxv-5f44_GHSA-f2jv-r9rf-7988,17.0,True,4.7.7,5e0e07af21d1faa816425723b7ed17791426cf27,2021-02-15,97ea53f394d41db49917d5dfe1c943c207c77bec,2021-02-16,Sage-Bionetworks/nlp-sandbox-schemas,javascript
83,http-cache-semantics_GHSA-rc47-6667-2j5j,,False,,,2023-01-27,97ea53f394d41db49917d5dfe1c943c207c77bec,2021-02-16,Sage-Bionetworks/nlp-sandbox-schemas,javascript
83,ip_GHSA-2p57-rm9w-gvfp_GHSA-78xj-cgh5-2h22,,False,,,2024-02-19,97ea53f394d41db49917d5dfe1c943c207c77bec,2021-02-16,Sage-Bionetworks/nlp-sandbox-schemas,javascript
83,js-yaml_GHSA-mh29-5h37-fv8m,,False,,,2025-11-12,97ea53f394d41db49917d5dfe1c943c207c77bec,2021-02-16,Sage-Bionetworks/nlp-sandbox-schemas,javascript
83,json-pointer_GHSA-6xrf-q977-5vgc_GHSA-v5vg-g7rq-363w,,False,,,2022-02-17,97ea53f394d41db49917d5dfe1c943c207c77bec,2021-02-16,Sage-Bionetworks/nlp-sandbox-schemas,javascript
83,json5_GHSA-9c47-m6qq-7p4h,,False,,,2022-12-16,97ea53f394d41db49917d5dfe1c943c207c77bec,2021-02-16,Sage-Bionetworks/nlp-sandbox-schemas,javascript
83,jsonpath-plus_GHSA-hw8r-x6gr-5gjp_GHSA-pppg-cpfq-h7wr,,False,,,2024-11-17,97ea53f394d41db49917d5dfe1c943c207c77bec,2021-02-16,Sage-Bionetworks/nlp-sandbox-schemas,javascript
83,jsonpointer_GHSA-282f-qqgm-c34q,,False,,,2021-10-31,97ea53f394d41db49917d5dfe1c943c207c77bec,2021-02-16,Sage-Bionetworks/nlp-sandbox-schemas,javascript
83,loader-utils_GHSA-3rfm-jhwj-7488_GHSA-76p3-8jx3-jpfq,,False,,,2022-10-20,97ea53f394d41db49917d5dfe1c943c207c77bec,2021-02-16,Sage-Bionetworks/nlp-sandbox-schemas,javascript
83,lodash_GHSA-29mw-wpgm-hmr9_GHSA-35jh-r3h4-6jhm,12.0,True,4.17.21,5e0e07af21d1faa816425723b7ed17791426cf27,2021-02-20,97ea53f394d41db49917d5dfe1c943c207c77bec,2021-02-16,Sage-Bionetworks/nlp-sandbox-schemas,javascript
83,marked_GHSA-5v2h-r2cx-5xgj_GHSA-rrrm-qjm4-v8hf,,False,,,2022-01-13,97ea53f394d41db49917d5dfe1c943c207c77bec,2021-02-16,Sage-Bionetworks/nlp-sandbox-schemas,javascript
83,merge-deep_GHSA-r6rj-9ch6-g264,52.0,True,3.0.3,5e0e07af21d1faa816425723b7ed17791426cf27,2021-01-11,97ea53f394d41db49917d5dfe1c943c207c77bec,2021-02-16,Sage-Bionetworks/nlp-sandbox-schemas,javascript
83,minimatch_GHSA-f8q6-p94x-37v3,,False,,,2022-02-06,97ea53f394d41db49917d5dfe1c943c207c77bec,2021-02-16,Sage-Bionetworks/nlp-sandbox-schemas,javascript
83,minimist_GHSA-xvch-5gv4-984h,,False,,,2022-03-22,97ea53f394d41db49917d5dfe1c943c207c77bec,2021-02-16,Sage-Bionetworks/nlp-sandbox-schemas,javascript
83,nanoid_GHSA-mwcw-c2x4-8c55,,False,,,2024-11-26,97ea53f394d41db49917d5dfe1c943c207c77bec,2021-02-16,Sage-Bionetworks/nlp-sandbox-schemas,javascript
83,netmask_GHSA-4c7m-wxvm-r7gc_GHSA-pch5-whg9-qr2r,,False,,,2021-03-29,97ea53f394d41db49917d5dfe1c943c207c77bec,2021-02-16,Sage-Bionetworks/nlp-sandbox-schemas,javascript
83,node-fetch_GHSA-r683-j2x4-v87g,,False,,,2022-01-16,97ea53f394d41db49917d5dfe1c943c207c77bec,2021-02-16,Sage-Bionetworks/nlp-sandbox-schemas,javascript
83,normalize-url_GHSA-px4h-xg32-q955,8.0,True,4.5.1,a266a03f2a08ad5a0d1c3dd0d4cc54a4bf03db2c,2021-05-24,97ea53f394d41db49917d5dfe1c943c207c77bec,2021-02-16,Sage-Bionetworks/nlp-sandbox-schemas,javascript
83,pac-resolver_GHSA-9j49-mfvp-vmhm,,False,,,2021-07-12,97ea53f394d41db49917d5dfe1c943c207c77bec,2021-02-16,Sage-Bionetworks/nlp-sandbox-schemas,javascript
83,parse-git-config_GHSA-8g77-54rh-46hx,,False,,,,,,,
83,path-parse_GHSA-hj48-42vr-x3v9,7.0,True,1.0.7,a266a03f2a08ad5a0d1c3dd0d4cc54a4bf03db2c,2021-05-25,97ea53f394d41db49917d5dfe1c943c207c77bec,2021-02-16,Sage-Bionetworks/nlp-sandbox-schemas,javascript
83,pbkdf2_GHSA-h7cp-r72f-jxh6_GHSA-v62p-rq8g-8h59,,False,,,2025-06-20,97ea53f394d41db49917d5dfe1c943c207c77bec,2021-02-16,Sage-Bionetworks/nlp-sandbox-schemas,javascript
83,prismjs_GHSA-3949-f494-cm99_GHSA-gj77-59wh-66hg,90.0,True,1.23.0,221fd632d836dda5f07cf0b0298b31cfead96bb9,2020-12-31,97ea53f394d41db49917d5dfe1c943c207c77bec,2021-02-16,Sage-Bionetworks/nlp-sandbox-schemas,javascript
83,qs_GHSA-hrpp-h998-j3pp,,False,,,2022-01-11,97ea53f394d41db49917d5dfe1c943c207c77bec,2021-02-16,Sage-Bionetworks/nlp-sandbox-schemas,javascript
83,redoc_GHSA-9rhg-254w-fh9x,,False,,,2025-02-07,97ea53f394d41db49917d5dfe1c943c207c77bec,2021-02-16,Sage-Bionetworks/nlp-sandbox-schemas,javascript
83,sha.js_GHSA-95m3-7q98-8xr5,,False,,,2025-07-01,97ea53f394d41db49917d5dfe1c943c207c77bec,2021-02-16,Sage-Bionetworks/nlp-sandbox-schemas,javascript
83,shelljs_GHSA-4rq4-32rv-6wp6_GHSA-64g7-mvw6-v9qj,,False,,,2022-01-07,97ea53f394d41db49917d5dfe1c943c207c77bec,2021-02-16,Sage-Bionetworks/nlp-sandbox-schemas,javascript
83,ws_GHSA-3h5v-q93c-6h6q_GHSA-6fc8-4gx4-v693,7.0,True,7.4.6,a266a03f2a08ad5a0d1c3dd0d4cc54a4bf03db2c,2021-05-25,97ea53f394d41db49917d5dfe1c943c207c77bec,2021-02-16,Sage-Bionetworks/nlp-sandbox-schemas,javascript
83,swagger-ui-dist_GHSA-6c9x-mj3g-h47x_GHSA-qrmm-w75w-3wpx,,False,,,2021-12-10,97ea53f394d41db49917d5dfe1c943c207c77bec,2021-02-16,Sage-Bionetworks/nlp-sandbox-schemas,javascript
83,urijs_GHSA-3vjf-82ff-p4r3_GHSA-89gv-h8wf-cg8r,19.0,True,1.19.6,5e0e07af21d1faa816425723b7ed17791426cf27,2021-02-13,97ea53f394d41db49917d5dfe1c943c207c77bec,2021-02-16,Sage-Bionetworks/nlp-sandbox-schemas,javascript
83,validator_GHSA-9965-vmph-33xx_GHSA-qgmg-gppg-76g5,,False,,,2021-11-01,97ea53f394d41db49917d5dfe1c943c207c77bec,2021-02-16,Sage-Bionetworks/nlp-sandbox-schemas,javascript
83,word-wrap_GHSA-j8xg-fqg3-53r7,,False,,,2023-07-18,97ea53f394d41db49917d5dfe1c943c207c77bec,2021-02-16,Sage-Bionetworks/nlp-sandbox-schemas,javascript
83,y18n_GHSA-c4w7-xm78-47vh,130.0,True,5.0.5,5e0e07af21d1faa816425723b7ed17791426cf27,2020-10-25,97ea53f394d41db49917d5dfe1c943c207c77bec,2021-02-16,Sage-Bionetworks/nlp-sandbox-schemas,javascript
83,immer_GHSA-33f9-j839-rf8h_GHSA-c36v-fmgq-m8hx,,False,,,2021-08-31,5e0e07af21d1faa816425723b7ed17791426cf27,2021-03-05,Sage-Bionetworks/nlp-sandbox-schemas,javascript
83,lodash.set_GHSA-p6mc-m468-83gw,,False,,,,,,,
83,helper-annotate-as-pure_MAL-2025-3250,,False,,,,,,,
83,helper-function-name_MAL-2025-3252,,False,,,,,,,
83,helper-get-function-arity_MAL-2025-3253,,False,,,,,,,
83,helper-split-export-declaration_MAL-2025-3257,,False,,,,,,,
83,helper-validator-identifier_MAL-2025-47885,,False,,,,,,,
83,ws_GHSA-3h5v-q93c-6h6q,,False,,,2024-06-16,a266a03f2a08ad5a0d1c3dd0d4cc54a4bf03db2c,2021-06-01,Sage-Bionetworks/nlp-sandbox-schemas,javascript
84,@babel/runtime_GHSA-968p-4wvh-cqc8,,False,,,2025-03-11,19357766201a62bbb75af2a23530d6cf359bb1ee,2024-07-24,EOSC-synergy/sqaaas-api-spec,javascript
84,@babel/traverse_GHSA-67hx-6x53-jw92,,False,,,2023-10-11,19357766201a62bbb75af2a23530d6cf359bb1ee,2024-07-24,EOSC-synergy/sqaaas-api-spec,javascript
84,ajv_GHSA-v88g-cgmw-v5xw,,False,,,2020-07-04,19357766201a62bbb75af2a23530d6cf359bb1ee,2024-07-24,EOSC-synergy/sqaaas-api-spec,javascript
84,ansi-regex_GHSA-93q8-gq69-wqmw,,False,,,2021-09-10,19357766201a62bbb75af2a23530d6cf359bb1ee,2024-07-24,EOSC-synergy/sqaaas-api-spec,javascript
84,async_GHSA-fwr7-v2mv-hh25,,False,,,2021-10-28,19357766201a62bbb75af2a23530d6cf359bb1ee,2024-07-24,EOSC-synergy/sqaaas-api-spec,javascript
84,brace-expansion_GHSA-v6h2-p8h4-qcjw,,False,,,2025-06-11,19357766201a62bbb75af2a23530d6cf359bb1ee,2024-07-24,EOSC-synergy/sqaaas-api-spec,javascript
84,braces_GHSA-grv7-fg5c-xmjg,,False,,,2024-05-21,19357766201a62bbb75af2a23530d6cf359bb1ee,2024-07-24,EOSC-synergy/sqaaas-api-spec,javascript
84,browserify-sign_GHSA-x9w5-v3q2-3rhw,,False,,,2023-10-25,19357766201a62bbb75af2a23530d6cf359bb1ee,2024-07-24,EOSC-synergy/sqaaas-api-spec,javascript
84,cipher-base_GHSA-cpq7-6gpm-g9rc,,False,,,2024-11-17,19357766201a62bbb75af2a23530d6cf359bb1ee,2024-07-24,EOSC-synergy/sqaaas-api-spec,javascript
84,debug_GHSA-gxpj-cx7g-858c,,False,,,2017-09-22,19357766201a62bbb75af2a23530d6cf359bb1ee,2024-07-24,EOSC-synergy/sqaaas-api-spec,javascript
84,dompurify_GHSA-63q7-h895-m982_GHSA-gx9m-whjm-85jf,,False,,,2020-09-20,19357766201a62bbb75af2a23530d6cf359bb1ee,2024-07-24,EOSC-synergy/sqaaas-api-spec,javascript
84,elliptic_GHSA-434g-2637-qmqr_GHSA-49q7-c7j4-3p7m,,False,,,2021-02-02,19357766201a62bbb75af2a23530d6cf359bb1ee,2024-07-24,EOSC-synergy/sqaaas-api-spec,javascript
84,gh-pages_GHSA-8mmm-9v2q-x3f9,,False,,,2023-01-20,19357766201a62bbb75af2a23530d6cf359bb1ee,2024-07-24,EOSC-synergy/sqaaas-api-spec,javascript
84,glob-parent_GHSA-ww39-953v-wcq6,,False,,,2021-03-06,19357766201a62bbb75af2a23530d6cf359bb1ee,2024-07-24,EOSC-synergy/sqaaas-api-spec,javascript
84,handlebars_GHSA-765h-qjxv-5f44_GHSA-f2jv-r9rf-7988,,False,,,2021-02-15,19357766201a62bbb75af2a23530d6cf359bb1ee,2024-07-24,EOSC-synergy/sqaaas-api-spec,javascript
84,js-yaml_GHSA-mh29-5h37-fv8m,,False,,,2025-11-12,19357766201a62bbb75af2a23530d6cf359bb1ee,2024-07-24,EOSC-synergy/sqaaas-api-spec,javascript
84,json-pointer_GHSA-6xrf-q977-5vgc_GHSA-7mg4-w3w5-x5pc,,False,,,2020-09-24,19357766201a62bbb75af2a23530d6cf359bb1ee,2024-07-24,EOSC-synergy/sqaaas-api-spec,javascript
84,jsonpointer_GHSA-282f-qqgm-c34q,,False,,,2021-10-31,19357766201a62bbb75af2a23530d6cf359bb1ee,2024-07-24,EOSC-synergy/sqaaas-api-spec,javascript
84,lodash_GHSA-29mw-wpgm-hmr9_GHSA-35jh-r3h4-6jhm,,False,,,2021-02-20,19357766201a62bbb75af2a23530d6cf359bb1ee,2024-07-24,EOSC-synergy/sqaaas-api-spec,javascript
84,marked_GHSA-5v2h-r2cx-5xgj_GHSA-rrrm-qjm4-v8hf,,False,,,2022-01-13,19357766201a62bbb75af2a23530d6cf359bb1ee,2024-07-24,EOSC-synergy/sqaaas-api-spec,javascript
84,minimatch_GHSA-f8q6-p94x-37v3,,False,,,2022-02-06,19357766201a62bbb75af2a23530d6cf359bb1ee,2024-07-24,EOSC-synergy/sqaaas-api-spec,javascript
84,minimist_GHSA-xvch-5gv4-984h,,False,,,2022-03-22,19357766201a62bbb75af2a23530d6cf359bb1ee,2024-07-24,EOSC-synergy/sqaaas-api-spec,javascript
84,node-fetch_GHSA-r683-j2x4-v87g_GHSA-w7rc-rwvf-8q5r,,False,,,2020-09-05,19357766201a62bbb75af2a23530d6cf359bb1ee,2024-07-24,EOSC-synergy/sqaaas-api-spec,javascript
84,pbkdf2_GHSA-h7cp-r72f-jxh6_GHSA-v62p-rq8g-8h59,,False,,,2025-06-20,19357766201a62bbb75af2a23530d6cf359bb1ee,2024-07-24,EOSC-synergy/sqaaas-api-spec,javascript
84,prismjs_GHSA-3949-f494-cm99_GHSA-gj77-59wh-66hg,,False,,,2020-12-31,19357766201a62bbb75af2a23530d6cf359bb1ee,2024-07-24,EOSC-synergy/sqaaas-api-spec,javascript
84,redoc_GHSA-9rhg-254w-fh9x,,False,,,2025-02-07,19357766201a62bbb75af2a23530d6cf359bb1ee,2024-07-24,EOSC-synergy/sqaaas-api-spec,javascript
84,semver_GHSA-c2qf-rxjj-qqgw,,False,,,2023-06-15,19357766201a62bbb75af2a23530d6cf359bb1ee,2024-07-24,EOSC-synergy/sqaaas-api-spec,javascript
84,sha.js_GHSA-95m3-7q98-8xr5,,False,,,2025-07-01,19357766201a62bbb75af2a23530d6cf359bb1ee,2024-07-24,EOSC-synergy/sqaaas-api-spec,javascript
84,ws_GHSA-3h5v-q93c-6h6q_GHSA-6fc8-4gx4-v693,,False,,,2021-05-25,19357766201a62bbb75af2a23530d6cf359bb1ee,2024-07-24,EOSC-synergy/sqaaas-api-spec,javascript
84,y18n_GHSA-c4w7-xm78-47vh,,False,,,2020-10-25,19357766201a62bbb75af2a23530d6cf359bb1ee,2024-07-24,EOSC-synergy/sqaaas-api-spec,javascript
166,org.apache.poi:poi_GHSA-523c-xh4g-mh5m_GHSA-9jwc-q6j3-8g9g,,False,,,,,,,
166,ch.qos.logback:logback-classic_GHSA-vmq6-5m68-f53m,,False,,,,,,,
435,certifi_GHSA-43fp-rhv2-5gv8_GHSA-xqr8-7jwr-rhp7,,False,,,2022-12-07,f0072ffeb81d75bb27d0875811b3c1dcb68a4d24,2019-04-01,pagopa/pdnd-openapi-server,python
435,ecdsa_GHSA-8qxj-f9rh-9fg2_GHSA-pwfw-mgfj-7g3g,,False,,,2019-10-07,f0072ffeb81d75bb27d0875811b3c1dcb68a4d24,2019-04-01,pagopa/pdnd-openapi-server,python
435,flask_GHSA-562c-5r94-xh97_GHSA-5wv5-4vpf-pj6m,,False,,,2018-04-26,f0072ffeb81d75bb27d0875811b3c1dcb68a4d24,2019-04-01,pagopa/pdnd-openapi-server,python
435,future_GHSA-v3c5-jqr6-7qm8_PYSEC-2022-42991,,False,,,2023-01-13,f0072ffeb81d75bb27d0875811b3c1dcb68a4d24,2019-04-01,pagopa/pdnd-openapi-server,python
435,idna_GHSA-jjg7-2v4v-x38h_PYSEC-2024-60,,False,,,2024-04-11,f0072ffeb81d75bb27d0875811b3c1dcb68a4d24,2019-04-01,pagopa/pdnd-openapi-server,python
435,jinja2_GHSA-462w-v97r-4m45_GHSA-cpwx-vrp4-4pq7,,False,,,2019-04-06,f0072ffeb81d75bb27d0875811b3c1dcb68a4d24,2019-04-01,pagopa/pdnd-openapi-server,python
435,python-jose_GHSA-6c5p-j8vq-pqhj_GHSA-cjwg-qfpm-7377,,False,,,2025-02-18,f0072ffeb81d75bb27d0875811b3c1dcb68a4d24,2019-04-01,pagopa/pdnd-openapi-server,python
435,pyyaml_GHSA-3pqx-4fqf-j49f_GHSA-6757-jp84-gxfx,,False,,,2019-11-26,f0072ffeb81d75bb27d0875811b3c1dcb68a4d24,2019-04-01,pagopa/pdnd-openapi-server,python
435,requests_GHSA-9hjg-9r4m-mvj7_GHSA-9wx4-h78v-vm56,,False,,,2023-05-22,f0072ffeb81d75bb27d0875811b3c1dcb68a4d24,2019-04-01,pagopa/pdnd-openapi-server,python
435,rsa_GHSA-537h-rv9q-vvph_GHSA-xrx6-fmxq-rjj2,,False,,,2020-06-10,f0072ffeb81d75bb27d0875811b3c1dcb68a4d24,2019-04-01,pagopa/pdnd-openapi-server,python
435,urllib3_GHSA-34jh-p97f-mpxf_GHSA-g4mx-q9vg-27p4,,False,,,2019-04-17,f0072ffeb81d75bb27d0875811b3c1dcb68a4d24,2019-04-01,pagopa/pdnd-openapi-server,python
435,werkzeug_GHSA-2g68-c3qc-8985_GHSA-f9vj-2wh5-fj8j,,False,,,2019-05-14,f0072ffeb81d75bb27d0875811b3c1dcb68a4d24,2019-04-01,pagopa/pdnd-openapi-server,python
435,flask_GHSA-m2qf-hxjv-5gpq_PYSEC-2023-62,,False,,,2023-05-01,4ccb8a3677f7b8d0b4081c7c65092b418a340f9a,2019-04-01,pagopa/pdnd-openapi-server,python
472,com.nimbusds:nimbus-jose-jwt_GHSA-xwmg-2g98-w7v9,,False,,,,,,,
472,org.apache.axis2:axis2_GHSA-66rx-gqx3-p98m_GHSA-88r4-38gc-97p4,,False,,,,,,,
472,org.springframework:spring-web_GHSA-2rmj-mq67-h97g_GHSA-2wrp-6fg6-hmc5,,False,,,,,,,
472,io.swagger:swagger-codegen_GHSA-hpv8-9rq5-hq7w_GHSA-pc22-3g76-gm6j,,False,,,,,,,
472,org.openapitools:openapi-generator-maven-plugin_GHSA-867q-77cc-98mv,,False,,,,,,,
472,com.fasterxml.woodstox:woodstox-core_GHSA-3f7h-mf4q-vrm4,,False,,,,,,,
542,com.fasterxml.jackson.core:jackson-databind_GHSA-27xj-rqx5-2255_GHSA-288c-cq4h-88gq,,False,,,,,,,
542,com.fasterxml.jackson.core:jackson-databind_GHSA-288c-cq4h-88gq_GHSA-3x8x-79m2-3w2w,,False,,,,,,,
542,com.fasterxml.jackson.core:jackson-databind_GHSA-3x8x-79m2-3w2w_GHSA-57j2-w4cx-62h2,,False,,,,,,,
543,com.fasterxml.jackson.core:jackson-databind_GHSA-3x8x-79m2-3w2w_GHSA-57j2-w4cx-62h2,,False,,,,,,,
549,google-protobuf_GHSA-735f-pc8j-v9w8,,False,,,2024-09-18,3ca25df7694653d4096dd6b136715a5ed0d56123,2023-10-30,twilio/guardrail,ruby
549,rexml_GHSA-2rxp-v6pw-ch6m_GHSA-4xqq-m2hx-25v8,,False,,,2024-05-16,3ca25df7694653d4096dd6b136715a5ed0d56123,2023-10-30,twilio/guardrail,ruby
549,webrick_GHSA-6f62-3596-g6w7_GHSA-r995-q44h-hr64,,False,,,2024-09-24,3ca25df7694653d4096dd6b136715a5ed0d56123,2023-10-30,twilio/guardrail,ruby
549,braces_GHSA-grv7-fg5c-xmjg,55.0,True,3.0.3,fea549b740eb0d65ee4b2c75b89ed6a22ce6a970,2024-05-21,b08f5af1937d3d4876d8ced5cbad5264bdec1bc7,2023-12-17,twilio/guardrail,javascript
549,got_GHSA-pfrx-2q88-qq97,,False,,,2022-05-25,b08f5af1937d3d4876d8ced5cbad5264bdec1bc7,2023-12-17,twilio/guardrail,javascript
549,marked_GHSA-4r62-v4vq-hr96_GHSA-5v2h-r2cx-5xgj,,False,,,2021-02-07,b08f5af1937d3d4876d8ced5cbad5264bdec1bc7,2023-12-17,twilio/guardrail,javascript
549,prismjs_GHSA-x7hr-w5r2-h6wg,,False,,,2025-03-10,b08f5af1937d3d4876d8ced5cbad5264bdec1bc7,2023-12-17,twilio/guardrail,javascript
549,send_GHSA-m6fv-jmcg-4jfg,,False,,,2024-09-10,b08f5af1937d3d4876d8ced5cbad5264bdec1bc7,2023-12-17,twilio/guardrail,javascript
549,serve-static_GHSA-cm22-4g7w-348p,,False,,,2024-09-10,b08f5af1937d3d4876d8ced5cbad5264bdec1bc7,2023-12-17,twilio/guardrail,javascript
549,ws_GHSA-3h5v-q93c-6h6q,29.0,True,7.5.10,338173e70a23106933a24a38655d6e6b7702da1b,2024-06-16,b08f5af1937d3d4876d8ced5cbad5264bdec1bc7,2023-12-17,twilio/guardrail,javascript
560,@babel/helpers_GHSA-968p-4wvh-cqc8,,False,,,2025-03-11,ce0330b53e6869d6dfd9a66af7945ddb0a6366d3,2021-06-19,vmware-tanzu/tanzu-dev-portal,javascript
560,@babel/traverse_GHSA-67hx-6x53-jw92,,False,,,2023-10-11,ce0330b53e6869d6dfd9a66af7945ddb0a6366d3,2021-06-19,vmware-tanzu/tanzu-dev-portal,javascript
560,@sideway/formula_GHSA-c2jc-4fpr-4vhg,,False,,,2022-12-16,ce0330b53e6869d6dfd9a66af7945ddb0a6366d3,2021-06-19,vmware-tanzu/tanzu-dev-portal,javascript
560,ansi-regex_GHSA-93q8-gq69-wqmw,,False,,,2021-09-10,ce0330b53e6869d6dfd9a66af7945ddb0a6366d3,2021-06-19,vmware-tanzu/tanzu-dev-portal,javascript
560,body-parser_GHSA-qwcr-r2fm-qrc7,,False,,,2024-09-09,ce0330b53e6869d6dfd9a66af7945ddb0a6366d3,2021-06-19,vmware-tanzu/tanzu-dev-portal,javascript
560,brace-expansion_GHSA-v6h2-p8h4-qcjw,,False,,,2025-06-11,ce0330b53e6869d6dfd9a66af7945ddb0a6366d3,2021-06-19,vmware-tanzu/tanzu-dev-portal,javascript
560,braces_GHSA-grv7-fg5c-xmjg,,False,,,2024-05-21,ce0330b53e6869d6dfd9a66af7945ddb0a6366d3,2021-06-19,vmware-tanzu/tanzu-dev-portal,javascript
560,cookie_GHSA-pxg6-pf52-xh8x,,False,,,2024-10-02,ce0330b53e6869d6dfd9a66af7945ddb0a6366d3,2021-06-19,vmware-tanzu/tanzu-dev-portal,javascript
560,cross-spawn_GHSA-3xgq-45jj-v275,,False,,,2024-11-07,ce0330b53e6869d6dfd9a66af7945ddb0a6366d3,2021-06-19,vmware-tanzu/tanzu-dev-portal,javascript
560,decode-uri-component_GHSA-w573-4hg7-7wgq,,False,,,2022-12-01,ce0330b53e6869d6dfd9a66af7945ddb0a6366d3,2021-06-19,vmware-tanzu/tanzu-dev-portal,javascript
560,semver_GHSA-c2qf-rxjj-qqgw,,False,,,2023-06-15,ce0330b53e6869d6dfd9a66af7945ddb0a6366d3,2021-06-19,vmware-tanzu/tanzu-dev-portal,javascript
560,express_GHSA-qw6h-vgh9-j6wx_GHSA-rv95-896h-c2vc,,False,,,2024-03-25,ce0330b53e6869d6dfd9a66af7945ddb0a6366d3,2021-06-19,vmware-tanzu/tanzu-dev-portal,javascript
560,form-data_GHSA-fjxv-7rqg-78g4,,False,,,2025-07-17,ce0330b53e6869d6dfd9a66af7945ddb0a6366d3,2021-06-19,vmware-tanzu/tanzu-dev-portal,javascript
560,got_GHSA-pfrx-2q88-qq97,,False,,,2022-05-25,ce0330b53e6869d6dfd9a66af7945ddb0a6366d3,2021-06-19,vmware-tanzu/tanzu-dev-portal,javascript
560,http-cache-semantics_GHSA-rc47-6667-2j5j,,False,,,2023-01-27,ce0330b53e6869d6dfd9a66af7945ddb0a6366d3,2021-06-19,vmware-tanzu/tanzu-dev-portal,javascript
560,jpeg-js_GHSA-xvf7-4v9q-58w6,,False,,,2022-06-07,ce0330b53e6869d6dfd9a66af7945ddb0a6366d3,2021-06-19,vmware-tanzu/tanzu-dev-portal,javascript
560,js-yaml_GHSA-mh29-5h37-fv8m,,False,,,2025-11-12,ce0330b53e6869d6dfd9a66af7945ddb0a6366d3,2021-06-19,vmware-tanzu/tanzu-dev-portal,javascript
560,json5_GHSA-9c47-m6qq-7p4h,,False,,,2022-12-16,ce0330b53e6869d6dfd9a66af7945ddb0a6366d3,2021-06-19,vmware-tanzu/tanzu-dev-portal,javascript
560,jsonwebtoken_GHSA-8cf7-32gw-wr33_GHSA-hjrf-2m68-5959,,False,,,2022-12-21,ce0330b53e6869d6dfd9a66af7945ddb0a6366d3,2021-06-19,vmware-tanzu/tanzu-dev-portal,javascript
560,ws_GHSA-3h5v-q93c-6h6q,,False,,,2024-06-16,ce0330b53e6869d6dfd9a66af7945ddb0a6366d3,2021-06-19,vmware-tanzu/tanzu-dev-portal,javascript
560,lodash.set_GHSA-p6mc-m468-83gw,,False,,,,,,,
560,micromatch_GHSA-952p-6rrq-rcjv,,False,,,2024-08-23,ce0330b53e6869d6dfd9a66af7945ddb0a6366d3,2021-06-19,vmware-tanzu/tanzu-dev-portal,javascript
560,minimatch_GHSA-f8q6-p94x-37v3,,False,,,2022-02-06,ce0330b53e6869d6dfd9a66af7945ddb0a6366d3,2021-06-19,vmware-tanzu/tanzu-dev-portal,javascript
560,minimist_GHSA-xvch-5gv4-984h,,False,,,2022-03-22,ce0330b53e6869d6dfd9a66af7945ddb0a6366d3,2021-06-19,vmware-tanzu/tanzu-dev-portal,javascript
560,nanoid_GHSA-mwcw-c2x4-8c55_GHSA-qrpm-p2h7-hrv2,,False,,,2022-01-11,ce0330b53e6869d6dfd9a66af7945ddb0a6366d3,2021-06-19,vmware-tanzu/tanzu-dev-portal,javascript
560,node-fetch_GHSA-r683-j2x4-v87g,,False,,,2022-01-16,ce0330b53e6869d6dfd9a66af7945ddb0a6366d3,2021-06-19,vmware-tanzu/tanzu-dev-portal,javascript
560,on-headers_GHSA-76c9-3jph-rj3q,,False,,,2025-07-17,ce0330b53e6869d6dfd9a66af7945ddb0a6366d3,2021-06-19,vmware-tanzu/tanzu-dev-portal,javascript
560,path-to-regexp_GHSA-9wv6-86v2-598j_GHSA-rhx6-c78j-4q9w,,False,,,2024-09-01,ce0330b53e6869d6dfd9a66af7945ddb0a6366d3,2021-06-19,vmware-tanzu/tanzu-dev-portal,javascript
560,postcss_GHSA-7fh5-64p2-3v2j,,False,,,2023-09-28,ce0330b53e6869d6dfd9a66af7945ddb0a6366d3,2021-06-19,vmware-tanzu/tanzu-dev-portal,javascript
560,qs_GHSA-hrpp-h998-j3pp,,False,,,2022-01-11,ce0330b53e6869d6dfd9a66af7945ddb0a6366d3,2021-06-19,vmware-tanzu/tanzu-dev-portal,javascript
560,send_GHSA-m6fv-jmcg-4jfg,,False,,,2024-09-10,ce0330b53e6869d6dfd9a66af7945ddb0a6366d3,2021-06-19,vmware-tanzu/tanzu-dev-portal,javascript
560,serve-static_GHSA-cm22-4g7w-348p,,False,,,2024-09-10,ce0330b53e6869d6dfd9a66af7945ddb0a6366d3,2021-06-19,vmware-tanzu/tanzu-dev-portal,javascript
560,tar-fs_GHSA-8cj5-5rvv-wf4v_GHSA-pq67-2wwv-3xjx,,False,,,2025-01-12,ce0330b53e6869d6dfd9a66af7945ddb0a6366d3,2021-06-19,vmware-tanzu/tanzu-dev-portal,javascript
560,tmpl_GHSA-jgrx-mgxx-jf9v,,False,,,2021-09-07,ce0330b53e6869d6dfd9a66af7945ddb0a6366d3,2021-06-19,vmware-tanzu/tanzu-dev-portal,javascript
560,tough-cookie_GHSA-72xf-g2v4-qvf3,,False,,,2023-06-05,ce0330b53e6869d6dfd9a66af7945ddb0a6366d3,2021-06-19,vmware-tanzu/tanzu-dev-portal,javascript
560,word-wrap_GHSA-j8xg-fqg3-53r7,,False,,,2023-07-18,ce0330b53e6869d6dfd9a66af7945ddb0a6366d3,2021-06-19,vmware-tanzu/tanzu-dev-portal,javascript
599,ch.qos.logback:logback-classic_GHSA-vmq6-5m68-f53m,,False,,,,,,,
613,github.com/dgrijalva/jwt-go_GHSA-w73w-5m7g-f7qc_GO-2020-0017,,False,,,,,,,
613,github.com/getkin/kin-openapi_GHSA-wq9g-9vfc-cfq9_GO-2025-3533,,False,,,,,,,
613,github.com/go-chi/chi_GO-2025-3770,,False,,,,,,,
613,github.com/labstack/echo/v4_GHSA-crxj-hrmp-4rwf_GHSA-j453-hm5x-c46w,,False,,,,,,,
613,golang.org/x/crypto_GHSA-hcg3-q754-cr77_GHSA-v778-237x-gjrc,,False,,,,,,,
613,golang.org/x/net_GHSA-2wrh-6pvc-2jm9_GHSA-4374-p667-p6c8,,False,,,,,,,
613,golang.org/x/text_GHSA-5rcv-m4m3-hfh7_GHSA-69ch-w2m2-3vjp,,False,,,,,,,
620,@babel/runtime_GHSA-968p-4wvh-cqc8,,False,,,2025-03-11,b892ae5985857e7a60ca8cf4333fc98a0cbe5be6,2025-07-29,ga4gh/tool-registry-service-schemas,javascript
620,@babel/traverse_GHSA-67hx-6x53-jw92,,False,,,2023-10-11,b892ae5985857e7a60ca8cf4333fc98a0cbe5be6,2025-07-29,ga4gh/tool-registry-service-schemas,javascript
620,ajv_GHSA-v88g-cgmw-v5xw,,False,,,2020-07-04,b892ae5985857e7a60ca8cf4333fc98a0cbe5be6,2025-07-29,ga4gh/tool-registry-service-schemas,javascript
620,elliptic_GHSA-434g-2637-qmqr_GHSA-49q7-c7j4-3p7m,,False,,,2024-07-17,b892ae5985857e7a60ca8cf4333fc98a0cbe5be6,2025-07-29,ga4gh/tool-registry-service-schemas,javascript
620,cipher-base_GHSA-cpq7-6gpm-g9rc,,False,,,2024-11-17,b892ae5985857e7a60ca8cf4333fc98a0cbe5be6,2025-07-29,ga4gh/tool-registry-service-schemas,javascript
620,dompurify_GHSA-gx9m-whjm-85jf_GHSA-mmhx-hmjr-r674,,False,,,2023-01-05,b892ae5985857e7a60ca8cf4333fc98a0cbe5be6,2025-07-29,ga4gh/tool-registry-service-schemas,javascript
620,form-data_GHSA-fjxv-7rqg-78g4,,False,,,2025-07-17,b892ae5985857e7a60ca8cf4333fc98a0cbe5be6,2025-07-29,ga4gh/tool-registry-service-schemas,javascript
620,got_GHSA-pfrx-2q88-qq97,,False,,,2022-05-25,b892ae5985857e7a60ca8cf4333fc98a0cbe5be6,2025-07-29,ga4gh/tool-registry-service-schemas,javascript
620,js-yaml_GHSA-mh29-5h37-fv8m,,False,,,2025-11-12,b892ae5985857e7a60ca8cf4333fc98a0cbe5be6,2025-07-29,ga4gh/tool-registry-service-schemas,javascript
620,jsonpointer_GHSA-282f-qqgm-c34q,,False,,,2021-10-31,b892ae5985857e7a60ca8cf4333fc98a0cbe5be6,2025-07-29,ga4gh/tool-registry-service-schemas,javascript
620,marked_GHSA-5v2h-r2cx-5xgj_GHSA-rrrm-qjm4-v8hf,,False,,,2022-01-13,b892ae5985857e7a60ca8cf4333fc98a0cbe5be6,2025-07-29,ga4gh/tool-registry-service-schemas,javascript
620,parse-git-config_GHSA-8g77-54rh-46hx,,False,,,,,,,
620,pbkdf2_GHSA-h7cp-r72f-jxh6_GHSA-v62p-rq8g-8h59,38.0,True,3.1.3,8d7d0983b3e090745807cc852a8f98cac524032c,2025-06-20,b892ae5985857e7a60ca8cf4333fc98a0cbe5be6,2025-07-29,ga4gh/tool-registry-service-schemas,javascript
620,prismjs_GHSA-x7hr-w5r2-h6wg,141.0,True,1.30.0,62f958bd9092b1a736bed98bd55c1d6fd5dd4e9a,2025-03-10,b892ae5985857e7a60ca8cf4333fc98a0cbe5be6,2025-07-29,ga4gh/tool-registry-service-schemas,javascript
620,helper-annotate-as-pure_MAL-2025-3250,,False,,,,,,,
620,helper-function-name_MAL-2025-3252,,False,,,,,,,
620,helper-get-function-arity_MAL-2025-3253,,False,,,,,,,
620,helper-split-export-declaration_MAL-2025-3257,,False,,,,,,,
620,helper-validator-identifier_MAL-2025-47885,,False,,,,,,,
620,redoc_GHSA-9rhg-254w-fh9x,,False,,,2025-02-07,b892ae5985857e7a60ca8cf4333fc98a0cbe5be6,2025-07-29,ga4gh/tool-registry-service-schemas,javascript
620,sha.js_GHSA-95m3-7q98-8xr5,,False,,,2025-07-01,b892ae5985857e7a60ca8cf4333fc98a0cbe5be6,2025-07-29,ga4gh/tool-registry-service-schemas,javascript
620,shelljs_GHSA-4rq4-32rv-6wp6_GHSA-64g7-mvw6-v9qj,,False,,,2022-01-07,b892ae5985857e7a60ca8cf4333fc98a0cbe5be6,2025-07-29,ga4gh/tool-registry-service-schemas,javascript
620,swagger-ui-dist_GHSA-6c9x-mj3g-h47x_GHSA-qrmm-w75w-3wpx,,False,,,2021-12-10,b892ae5985857e7a60ca8cf4333fc98a0cbe5be6,2025-07-29,ga4gh/tool-registry-service-schemas,javascript
620,cross-spawn_GHSA-3xgq-45jj-v275,,False,,,2024-11-07,b892ae5985857e7a60ca8cf4333fc98a0cbe5be6,2025-07-29,ga4gh/tool-registry-service-schemas,javascript
663,org.clojure:clojure_GHSA-vr64-r9qj-h27f,,False,,,,,,,
4774,actionmailer_GHSA-h47h-mwp9-c6q6,,False,,,2024-10-15,dc303b6cc0366adfa2a500f7d84f815e16a42dde,2016-05-15,quim-motger/asw-hackernews,ruby
4774,actionpack_GHSA-4g8v-vg43-wpgf_GHSA-78rc-8c29-p45g,,False,,,2016-01-25,dc303b6cc0366adfa2a500f7d84f815e16a42dde,2016-05-15,quim-motger/asw-hackernews,ruby
4774,actionview_GHSA-65cv-r6x7-79hv_GHSA-86g5-2wh3-gc9j,,False,,,2016-01-25,dc303b6cc0366adfa2a500f7d84f815e16a42dde,2016-05-15,quim-motger/asw-hackernews,ruby
4774,activejob_GHSA-q2qw-rmrh-vv42,,False,,,2018-11-27,dc303b6cc0366adfa2a500f7d84f815e16a42dde,2016-05-15,quim-motger/asw-hackernews,ruby
4774,activemodel_GHSA-543v-gj2c-r3ch,,False,,,2016-01-25,dc303b6cc0366adfa2a500f7d84f815e16a42dde,2016-05-15,quim-motger/asw-hackernews,ruby
4774,activerecord_GHSA-3hhc-qp5v-9p2j_GHSA-579w-22j4-4749,,False,,,2016-01-25,dc303b6cc0366adfa2a500f7d84f815e16a42dde,2016-05-15,quim-motger/asw-hackernews,ruby
4774,activesupport_GHSA-j6gc-792m-qgm2_GHSA-pj73-v5mw-pm9j,,False,,,2023-01-17,dc303b6cc0366adfa2a500f7d84f815e16a42dde,2016-05-15,quim-motger/asw-hackernews,ruby
4774,globalid_GHSA-23c2-gwp5-pxw9,,False,,,2023-01-17,dc303b6cc0366adfa2a500f7d84f815e16a42dde,2016-05-15,quim-motger/asw-hackernews,ruby
4774,i18n_GHSA-34hf-g744-jw64,,False,,,2017-01-31,dc303b6cc0366adfa2a500f7d84f815e16a42dde,2016-05-15,quim-motger/asw-hackernews,ruby
4774,jquery-rails_GHSA-4whc-pp4x-9pf3_GHSA-6c3j-c64m-qhgq,,False,,,2015-06-16,dc303b6cc0366adfa2a500f7d84f815e16a42dde,2016-05-15,quim-motger/asw-hackernews,ruby
4774,json_GHSA-jphg-qwrw-7w9g,,False,,,2019-12-11,dc303b6cc0366adfa2a500f7d84f815e16a42dde,2016-05-15,quim-motger/asw-hackernews,ruby
4774,loofah_GHSA-486f-hjj9-9vhh_GHSA-c3gv-9cxf-6f57,,False,,,2018-03-19,dc303b6cc0366adfa2a500f7d84f815e16a42dde,2016-05-15,quim-motger/asw-hackernews,ruby
4774,nokogiri_GHSA-242x-7cm6-4w8j_GHSA-286v-pcf5-25rc,,False,,,2016-06-07,dc303b6cc0366adfa2a500f7d84f815e16a42dde,2016-05-15,quim-motger/asw-hackernews,ruby
4774,omniauth_GHSA-9pr6-grf4-x2fr_GHSA-pm55-qfxr-h247,,False,,,2017-01-17,dc303b6cc0366adfa2a500f7d84f815e16a42dde,2016-05-15,quim-motger/asw-hackernews,ruby
4774,rack_GHSA-22f2-v57c-j9cx_GHSA-3h57-hmj3-gj3p,,False,,,2018-11-05,dc303b6cc0366adfa2a500f7d84f815e16a42dde,2016-05-15,quim-motger/asw-hackernews,ruby
4774,rails-html-sanitizer_GHSA-5x79-w82f-gw8w_GHSA-9h9g-93gc-623h,,False,,,2018-03-22,dc303b6cc0366adfa2a500f7d84f815e16a42dde,2016-05-15,quim-motger/asw-hackernews,ruby
4774,rake_GHSA-jppv-gw3r-w3q8,,False,,,2019-07-22,dc303b6cc0366adfa2a500f7d84f815e16a42dde,2016-05-15,quim-motger/asw-hackernews,ruby
4774,rdoc_GHSA-ggxm-pgc9-g7fp,,False,,,2021-05-02,dc303b6cc0366adfa2a500f7d84f815e16a42dde,2016-05-15,quim-motger/asw-hackernews,ruby
4774,sprockets_GHSA-pr3h-jjhj-573x,,False,,,2018-06-19,dc303b6cc0366adfa2a500f7d84f815e16a42dde,2016-05-15,quim-motger/asw-hackernews,ruby
4774,tzinfo_GHSA-5cm2-9h8c-rvfx,,False,,,2022-07-19,dc303b6cc0366adfa2a500f7d84f815e16a42dde,2016-05-15,quim-motger/asw-hackernews,ruby
4774,uglifier_GHSA-34r7-q49f-h37c,,False,,,2015-08-26,dc303b6cc0366adfa2a500f7d84f815e16a42dde,2016-05-15,quim-motger/asw-hackernews,ruby
4774,rack-cors_GHSA-2j9c-9vmv-7m39_GHSA-pf8f-w267-mq2h,,False,,,2017-02-01,644bfd617c0bdbce7714cc15030add2e58df0cb4,2016-05-15,quim-motger/asw-hackernews,ruby
9199,github.com/Azure/azure-sdk-for-go/sdk/azidentity_GHSA-m5vv-6r4h-3vj9_GO-2024-2918,,False,,,,,,,
9199,github.com/aws/aws-sdk-go_GO-2022-0635_GO-2022-0646,,False,,,,,,,
9199,github.com/containerd/containerd_GHSA-259w-8hf6-59c2_GHSA-265r-hfxg-fhmg,,False,,,,,,,
9199,github.com/cyphar/filepath-securejoin_GHSA-6xv5-86q9-7xr8_GO-2023-2048,,False,,,,,,,
9199,github.com/dgrijalva/jwt-go_GHSA-w73w-5m7g-f7qc_GO-2020-0017,,False,,,,,,,
9199,github.com/docker/distribution_GHSA-hqxw-f8mx-cpmw,,False,,,,,,,
9199,github.com/docker/docker_GHSA-232p-vwff-86mp_GHSA-33pg-m6jh-5237,,False,,,,,,,
9199,github.com/gin-gonic/gin_GHSA-2c4m-59x9-fr2g_GHSA-3vp4-m3rf-835h,,False,,,,,,,
9199,github.com/golang-jwt/jwt/v4_GHSA-29wx-vh33-7x7r_GHSA-mh63-6h87-95cp,,False,,,,,,,
9199,github.com/golang/glog_GHSA-6wxm-mpqj-6jpf_GO-2025-3372,,False,,,,,,,
9199,github.com/jackc/pgproto3_GHSA-7jwh-3vrq-q3m8,,False,,,,,,,
9199,github.com/jackc/pgproto3/v2_GHSA-7jwh-3vrq-q3m8_GO-2024-2606,,False,,,,,,,
9199,github.com/jackc/pgx/v4_GHSA-m7wr-2xf7-cm9p_GHSA-mrww-27vc-gghv,,False,,,,,,,
9199,github.com/miekg/dns_GHSA-44r7-7p62-q3fr_GO-2020-0008,,False,,,,,,,
9199,github.com/prometheus/client_golang_GHSA-cg3q-j54f-5p7p_GO-2022-0322,,False,,,,,,,
9199,go.opentelemetry.io/contrib/instrumentation/net/http/otelhttp_GHSA-rcjv-mgp8-qvmr_GO-2023-2113,,False,,,,,,,
9199,golang.org/x/crypto_GHSA-f6x5-jh6r-wrfv_GHSA-hcg3-q754-cr77,,False,,,,,,,
9199,golang.org/x/image_GHSA-9phm-fm57-rhg8_GHSA-j3p8-6mrq-6g7h,,False,,,,,,,
9199,golang.org/x/net_GHSA-2wrh-6pvc-2jm9_GHSA-4374-p667-p6c8,,False,,,,,,,
9199,golang.org/x/oauth2_GHSA-6v2p-p543-phr9_GO-2025-3488,,False,,,,,,,
9199,golang.org/x/crypto_GHSA-45x7-px36-x8w8_GHSA-f6x5-jh6r-wrfv,,False,,,,,,,
9199,github.com/golang-jwt/jwt_GHSA-mh63-6h87-95cp_GO-2025-3553,,False,,,,,,,
9199,github.com/goreleaser/nfpm_GHSA-w7jw-q4fg-qc4c,,False,,,,,,,
9199,github.com/hashicorp/go-retryablehttp_GHSA-v6v8-xj6m-xwqh_GO-2024-2947,,False,,,,,,,
9199,github.com/nats-io/jwt_GHSA-4w5x-x539-ppf5_GHSA-62mh-w5cv-p88c,,False,,,,,,,
9199,github.com/nats-io/nats-server/v2_GHSA-2c64-vj8g-vwrq_GHSA-2h2x-8hh2-mfq8,,False,,,,,,,
9199,github.com/sigstore/cosign_GHSA-88jx-383q-w4qc_GHSA-95pr-fxf5-86gv,,False,,,,,,,
9199,github.com/sigstore/rekor_GHSA-2h5h-59f5-c5x9_GHSA-frqx-jfcm-6jjr,,False,,,,,,,
9199,github.com/ulikunitz/xz_GHSA-25xm-hr59-7c27_GHSA-jc7w-c686-c4v9,,False,,,,,,,
9199,go.etcd.io/etcd/v3_GO-2024-2528_GO-2024-2529,,False,,,,,,,
9199,gopkg.in/square/go-jose.v2_GHSA-c5q2-7r4c-mv6g_GO-2024-2631,,False,,,,,,,
9199,gopkg.in/src-d/go-git.v4_GHSA-449p-3h89-pw88_GHSA-mw99-9chc-xw7r,,False,,,,,,,
9199,golang.org/x/net_GHSA-4374-p667-p6c8_GHSA-4v7x-pqxf-cx7m,,False,,,,,,,
9199,github.com/containerd/containerd_GHSA-265r-hfxg-fhmg_GHSA-7ww5-4wqc-m92c,,False,,,,,,,
9199,github.com/docker/docker_GHSA-4vq8-7jfc-9cvp_GHSA-v23v-6jw2-98fq,,False,,,,,,,
9199,github.com/golang-jwt/jwt/v5_GHSA-mh63-6h87-95cp_GO-2025-3553,,False,,,,,,,
9199,github.com/containerd/containerd_GHSA-265r-hfxg-fhmg_GHSA-m6hq-p25p-ffr2,,False,,,,,,,
9199,github.com/redis/go-redis/v9_GO-2025-3540,,False,,,,,,,
9199,github.com/docker/docker_GHSA-4vq8-7jfc-9cvp_GO-2025-3829,,False,,,,,,,
9199,golang.org/x/crypto_GHSA-f6x5-jh6r-wrfv_GHSA-j5w8-q4qc-rx2x,,False,,,,,,,
9199,github.com/containerd/containerd_GHSA-m6hq-p25p-ffr2_GHSA-pwhc-rpq9-4c8w,,False,,,,,,,
9213,github.com/apache/thrift_GHSA-jq7p-26h5-w78r_GO-2021-0101,,False,,,2019-10-17,bb16d294ef05974883d41b7e1a218a6ad179be86,2025-09-17,devtron-labs/devtron,go
9213,github.com/argoproj/argo-cd/v2_GHSA-f9gq-prrc-hrhc_GHSA-g88p-r42r-ppp9,,False,,,,,,,
9213,github.com/argoproj/gitops-engine_GO-2025-3437,,False,,,,,,,
9213,github.com/aws/aws-sdk-go_GO-2022-0635_GO-2022-0646,,False,,,,,,,
9213,github.com/dgrijalva/jwt-go_GHSA-w73w-5m7g-f7qc_GO-2020-0017,,False,,,,,,,
9213,github.com/emicklei/go-restful_GHSA-r48q-9g5r-8q2h_GO-2022-0619,,False,,,,,,,
9213,github.com/go-jose/go-jose/v3_GHSA-c6gw-w398-hv78_GO-2025-3485,,False,,,,,,,
9213,github.com/go-pg/pg_GHSA-6xp3-p59p-q4fj_GO-2025-3764,,False,,,,,,,
9213,github.com/golang/glog_GHSA-6wxm-mpqj-6jpf_GO-2025-3372,,False,,,,,,,
9213,github.com/jackc/pgx_GHSA-m7wr-2xf7-cm9p_GHSA-mrww-27vc-gghv,,False,,,,,,,
9213,golang.org/x/crypto_GHSA-45x7-px36-x8w8_GHSA-f6x5-jh6r-wrfv,,False,,,,,,,
9213,golang.org/x/net_GHSA-2wrh-6pvc-2jm9_GHSA-4374-p667-p6c8,,False,,,,,,,
9213,golang.org/x/oauth2_GHSA-6v2p-p543-phr9_GO-2025-3488,,False,,,,,,,
9213,github.com/argoproj/argo-cd/v2_GHSA-786q-9hcg-v9ff_GHSA-f9gq-prrc-hrhc,,False,,,,,,,
9213,github.com/cloudflare/circl_GHSA-2x5j-vhc8-9cwm_GO-2025-3754,,False,,,,,,,
9213,helm.sh/helm/v3_GHSA-557j-xg8c-q2mm_GHSA-9h84-qmv7-982p,,False,,,,,,,
14420,github.com/aws/aws-sdk-go_GO-2022-0635_GO-2022-0646,,False,,,,,,,
14420,github.com/containerd/containerd_GHSA-m6hq-p25p-ffr2_GHSA-pwhc-rpq9-4c8w,,False,,,,,,,
14420,github.com/golang/glog_GHSA-6wxm-mpqj-6jpf_GO-2025-3372,,False,,,,,,,
14420,golang.org/x/crypto_GHSA-f6x5-jh6r-wrfv_GHSA-j5w8-q4qc-rx2x,,False,,,,,,,
14420,golang.org/x/image_GHSA-9phm-fm57-rhg8_GHSA-j3p8-6mrq-6g7h,,False,,,,,,,
14420,golang.org/x/net_GHSA-2wrh-6pvc-2jm9_GHSA-4374-p667-p6c8,,False,,,,,,,
14420,golang.org/x/oauth2_GHSA-6v2p-p543-phr9_GO-2025-3488,,False,,,,,,,
14420,golang.org/x/text_GHSA-69ch-w2m2-3vjp_GHSA-ppp9-7jff-5vj2,,False,,,,,,,
14450,ch.qos.logback:logback-core_GHSA-25qh-j22f-pwp8_GHSA-668q-qrv7-99fm,,False,,,,,,,
14450,junit:junit_GHSA-269g-pwp5-87pp,,False,,,,,,,
30690,actionmailer_GHSA-h47h-mwp9-c6q6,,False,,,2024-10-15,5973ad7813ae17ea8f0f83bd129928b020e59505,2023-02-28,Digital-Repository-of-Ireland/dri-app,ruby
30690,actionpack_GHSA-4g8v-vg43-wpgf_GHSA-fwhr-88qx-h9g7,3.0,True,6.1.7.4,aca2d05da666c6e81685658d8ed1624e7fe24880,2023-06-26,5973ad7813ae17ea8f0f83bd129928b020e59505,2023-02-28,Digital-Repository-of-Ireland/dri-app,ruby
30690,actiontext_GHSA-wwhv-wxv9-rpgw,,False,,,2024-10-15,5973ad7813ae17ea8f0f83bd129928b020e59505,2023-02-28,Digital-Repository-of-Ireland/dri-app,ruby
30690,actionview_GHSA-xp5h-f8jf-rc8q,1.0,True,6.1.7.3,69d1a3517777d2b111853df2c76965f9895cfcec,2023-03-13,5973ad7813ae17ea8f0f83bd129928b020e59505,2023-02-28,Digital-Repository-of-Ireland/dri-app,ruby
30690,activerecord_GHSA-76r7-hhxj-r776,0.0,True,7.2.2.2,bace85d8ab3d7ed8fa37e25a8e361eff8cd6a26c,2025-08-13,5973ad7813ae17ea8f0f83bd129928b020e59505,2023-02-28,Digital-Repository-of-Ireland/dri-app,ruby
30690,activestorage_GHSA-8h22-8cf7-hq6g_GHSA-r4mg-4433-c7g3,6.0,True,6.1.7.7,3d06d433b6a780f6fde23ad132cbd202eaf1824a,2024-02-21,5973ad7813ae17ea8f0f83bd129928b020e59505,2023-02-28,Digital-Repository-of-Ireland/dri-app,ruby
30690,activesupport_GHSA-cr5q-6q9f-rq6q_GHSA-pj73-v5mw-pm9j,1.0,True,6.1.7.3,69d1a3517777d2b111853df2c76965f9895cfcec,2023-03-13,5973ad7813ae17ea8f0f83bd129928b020e59505,2023-02-28,Digital-Repository-of-Ireland/dri-app,ruby
30690,jquery-ui-rails_GHSA-9gj3-hwp5-pmwc_GHSA-gpqq-952q-5327,2494.0,True,7.0.0,30fefb6aa759f98ae27235accb76d700f1bdd5bc,2016-11-29,5973ad7813ae17ea8f0f83bd129928b020e59505,2023-02-28,Digital-Repository-of-Ireland/dri-app,ruby
30690,net-imap_GHSA-7fc5-f82f-cx69_GHSA-j3g3-5qv5-52mj,6.0,True,0.5.6,3ade0060ba996a477b74baff06b0e686851f5d0d,2025-02-07,5973ad7813ae17ea8f0f83bd129928b020e59505,2023-02-28,Digital-Repository-of-Ireland/dri-app,ruby
30690,nokogiri_GHSA-353f-x4gh-cqq8_GHSA-5w6v-399v-w3cc,5.0,True,1.14.3,d12434c2e99714105606148a247c494e4993f447,2023-04-11,5973ad7813ae17ea8f0f83bd129928b020e59505,2023-02-28,Digital-Repository-of-Ireland/dri-app,ruby
30690,omniauth_GHSA-ww4x-rwq6-qpgf,,False,,,2021-01-11,5973ad7813ae17ea8f0f83bd129928b020e59505,2023-02-28,Digital-Repository-of-Ireland/dri-app,ruby
30690,rack_GHSA-22f2-v57c-j9cx_GHSA-3h57-hmj3-gj3p,12.0,True,2.2.6.4,69d1a3517777d2b111853df2c76965f9895cfcec,2023-03-02,5973ad7813ae17ea8f0f83bd129928b020e59505,2023-02-28,Digital-Repository-of-Ireland/dri-app,ruby
30690,resque_GHSA-gc3j-vvwf-4rp8_GHSA-r8xx-8vm8-x6wj,891.0,True,2.6.0,b0d571e4e66eac26e2429a55f744923ead034340,2021-08-10,5973ad7813ae17ea8f0f83bd129928b020e59505,2023-02-28,Digital-Repository-of-Ireland/dri-app,ruby
30690,rexml_GHSA-2rxp-v6pw-ch6m_GHSA-4xqq-m2hx-25v8,62.0,True,3.3.2,d12ed27ae290b8407a5ddc4f5fa29910e72ef70d,2024-05-16,5973ad7813ae17ea8f0f83bd129928b020e59505,2023-02-28,Digital-Repository-of-Ireland/dri-app,ruby
30690,sinatra_GHSA-hxx2-7vcw-mqr3_GHSA-mr3q-g2mv-mr4q,,False,,,2024-11-18,5973ad7813ae17ea8f0f83bd129928b020e59505,2023-02-28,Digital-Repository-of-Ireland/dri-app,ruby
30690,view_component_GHSA-wf2x-8w6j-qw37,11.0,True,2.83.0,5d680655f6b2a5ac188f29921ad242175fce2a3d,2024-01-04,5973ad7813ae17ea8f0f83bd129928b020e59505,2023-02-28,Digital-Repository-of-Ireland/dri-app,ruby
30690,webrick_GHSA-6f62-3596-g6w7_GHSA-r995-q44h-hr64,3.0,True,1.8.2,e7f06bc75a15b25fe232f61083c777a02db21cf5,2024-09-24,5973ad7813ae17ea8f0f83bd129928b020e59505,2023-02-28,Digital-Repository-of-Ireland/dri-app,ruby
30690,yard_GHSA-8mq4-9jjh-9xrc,3.0,True,0.9.36,d2d6f88c4ef723f71ca212ee8c854647fe367c5c,2024-02-29,5973ad7813ae17ea8f0f83bd129928b020e59505,2023-02-28,Digital-Repository-of-Ireland/dri-app,ruby
30690,activesupport_GHSA-cr5q-6q9f-rq6q,,False,,,2023-08-22,69d1a3517777d2b111853df2c76965f9895cfcec,2023-03-15,Digital-Repository-of-Ireland/dri-app,ruby
30690,rack_GHSA-22f2-v57c-j9cx_GHSA-54rr-7fvw-6x8f,6.0,True,2.2.8.1,3d06d433b6a780f6fde23ad132cbd202eaf1824a,2024-02-21,69d1a3517777d2b111853df2c76965f9895cfcec,2023-03-15,Digital-Repository-of-Ireland/dri-app,ruby
30690,uri_GHSA-22h5-pq3x-2gf2_GHSA-hww2-5g85-429m,20.0,True,0.12.2,f0af1d80bb38541e3dc69e7646f1277fea0fa6c7,2023-06-29,758e2b243a1db22618a0641b27494bff0498fc1d,2023-03-28,Digital-Repository-of-Ireland/dri-app,ruby
30690,actionpack_GHSA-fwhr-88qx-h9g7_GHSA-vfg9-r3fq-jvx4,10.0,True,6.1.7.8,ad4b46ab847dd106968663b74f8993170c838e12,2024-06-04,aca2d05da666c6e81685658d8ed1624e7fe24880,2023-06-30,Digital-Repository-of-Ireland/dri-app,ruby
30690,rails-html-sanitizer_GHSA-2x5m-9ch4-qgrr_GHSA-638j-pmjw-jq48,0.0,True,1.6.1,0beca920233330b03e999044d5760064ac0de2c1,2024-12-02,aca2d05da666c6e81685658d8ed1624e7fe24880,2023-06-30,Digital-Repository-of-Ireland/dri-app,ruby
30690,google-protobuf_GHSA-735f-pc8j-v9w8,8.0,True,3.25.5,ff87db9292564f0b134aa0dda0bb00c3224f5665,2024-09-18,5d4fadec5fdc739b11190f45f3b59d11cd2bd3a5,2023-07-06,Digital-Repository-of-Ireland/dri-app,ruby
30690,grpc_GHSA-496j-2rq6-j6cc_GHSA-p25m-jpj4-qcrr,,False,,,2023-07-17,5d4fadec5fdc739b11190f45f3b59d11cd2bd3a5,2023-07-06,Digital-Repository-of-Ireland/dri-app,ruby
30690,uri_GHSA-22h5-pq3x-2gf2,6.0,True,0.13.2,a701874702d4acbbe1e9815ed509a2ac0a845d97,2025-02-26,f0af1d80bb38541e3dc69e7646f1277fea0fa6c7,2023-07-19,Digital-Repository-of-Ireland/dri-app,ruby
30690,jquery-ui-rails_GHSA-h6gj-6jjq-h8g9,,False,,,2025-04-30,30fefb6aa759f98ae27235accb76d700f1bdd5bc,2023-09-28,Digital-Repository-of-Ireland/dri-app,ruby
30690,activestorage_GHSA-r4mg-4433-c7g3,0.0,True,7.2.2.2,bace85d8ab3d7ed8fa37e25a8e361eff8cd6a26c,2025-08-13,3d06d433b6a780f6fde23ad132cbd202eaf1824a,2024-02-28,Digital-Repository-of-Ireland/dri-app,ruby
30690,rack_GHSA-625h-95r8-8xpm_GHSA-6xw4-3v39-52mm,2.0,True,2.2.11,3ade0060ba996a477b74baff06b0e686851f5d0d,2025-02-12,3d06d433b6a780f6fde23ad132cbd202eaf1824a,2024-02-28,Digital-Repository-of-Ireland/dri-app,ruby
30690,actionpack_GHSA-vfg9-r3fq-jvx4_GHSA-vfm5-rmrh-j26v,58.0,True,7.1.5.1,d825ba7bdfd7da5929c07c85b371507fcc8f7069,2024-10-15,ad4b46ab847dd106968663b74f8993170c838e12,2024-06-15,Digital-Repository-of-Ireland/dri-app,ruby
30690,rexml_GHSA-2rxp-v6pw-ch6m_GHSA-5866-49gr-22v4,27.0,True,3.3.6,b31a2c354fb822bc8ad086c430927009ad2cfd81,2024-08-01,d12ed27ae290b8407a5ddc4f5fa29910e72ef70d,2024-07-17,Digital-Repository-of-Ireland/dri-app,ruby
30690,rexml_GHSA-2rxp-v6pw-ch6m_GHSA-c2f4-jgmc-q2r5,6.0,True,3.3.6,b31a2c354fb822bc8ad086c430927009ad2cfd81,2024-08-22,44e1a04909bf791a933eeb2076ba3cc875c16364,2024-08-02,Digital-Repository-of-Ireland/dri-app,ruby
30690,actionpack_GHSA-vfm5-rmrh-j26v,2.0,True,7.1.5.1,d825ba7bdfd7da5929c07c85b371507fcc8f7069,2024-12-10,0557fb7d0c8c30a215157930286b3df7efee590a,2024-10-25,Digital-Repository-of-Ireland/dri-app,ruby
30690,rexml_GHSA-c2f4-jgmc-q2r5,,False,,,2025-08-26,4da73fc0a005a5c73aaeb1b93632f0e003478347,2024-10-30,Digital-Repository-of-Ireland/dri-app,ruby
30690,net-imap_GHSA-j3g3-5qv5-52mj,6.0,True,0.5.7,57ea661b8957aa1fa39d269036e0e39dde2a1588,2025-04-22,3ade0060ba996a477b74baff06b0e686851f5d0d,2025-02-14,Digital-Repository-of-Ireland/dri-app,ruby
30690,nokogiri_GHSA-353f-x4gh-cqq8,16.0,True,1.18.9,ad2408fe94d265717ca04fcab9bcb83dc1d94c4b,2025-07-21,57ea661b8957aa1fa39d269036e0e39dde2a1588,2025-04-28,Digital-Repository-of-Ireland/dri-app,ruby
30690,rack_GHSA-6xw4-3v39-52mm_GHSA-p543-xpfm-54cp,6.0,True,2.2.20,fa2b3178134f9a54581af65e8eed9cf9045d14a7,2025-10-07,9cfed499241caed506a8c68e45503aaba8608034,2025-09-26,Digital-Repository-of-Ireland/dri-app,ruby
136008,golang.org/x/net_GHSA-2wrh-6pvc-2jm9_GHSA-4374-p667-p6c8,,False,,,,,,,
136456,axios_GHSA-4hjh-wcwx-xvwj,,False,,,2025-09-11,19e9e65f4647d2e30bf42feb3fe753d95aee5fee,2025-07-21,hpi-schul-cloud/schulcloud-server,javascript
136456,brace-expansion_GHSA-v6h2-p8h4-qcjw,,False,,,2025-06-11,19e9e65f4647d2e30bf42feb3fe753d95aee5fee,2025-07-21,hpi-schul-cloud/schulcloud-server,javascript
136456,js-yaml_GHSA-mh29-5h37-fv8m,,False,,,2025-11-12,19e9e65f4647d2e30bf42feb3fe753d95aee5fee,2025-07-21,hpi-schul-cloud/schulcloud-server,javascript
136456,multer_GHSA-fjgf-rc76-4x9p,,False,,,2025-07-17,19e9e65f4647d2e30bf42feb3fe753d95aee5fee,2025-07-21,hpi-schul-cloud/schulcloud-server,javascript
136456,form-data_GHSA-fjxv-7rqg-78g4,6.0,True,4.0.4,d113037ccfbb87d13141f7a6f36f23231611da37,2025-07-17,19e9e65f4647d2e30bf42feb3fe753d95aee5fee,2025-07-21,hpi-schul-cloud/schulcloud-server,javascript
136456,formidable_GHSA-75v8-2h7p-7m2m,,False,,,2025-04-18,19e9e65f4647d2e30bf42feb3fe753d95aee5fee,2025-07-21,hpi-schul-cloud/schulcloud-server,javascript
136456,colors_GHSA-gh88-3pxp-6fm8,,False,,,,,,,
136456,tmp_GHSA-52f5-9888-hmc6,,False,,,2025-08-06,19e9e65f4647d2e30bf42feb3fe753d95aee5fee,2025-07-21,hpi-schul-cloud/schulcloud-server,javascript
136456,validator_GHSA-9965-vmph-33xx,,False,,,2025-10-26,19e9e65f4647d2e30bf42feb3fe753d95aee5fee,2025-07-21,hpi-schul-cloud/schulcloud-server,javascript
156642,github.com/btcsuite/btcd_GHSA-27vh-h6mc-q6g8_GHSA-2chg-86hq-7w38,,False,,,,,,,
156642,github.com/ethereum/go-ethereum_GHSA-4xc9-8hmq-j652_GHSA-59hh-656j-3p7v,,False,,,,,,,
156642,github.com/gogo/protobuf_GHSA-c3h9-896r-86jm_GO-2021-0053,,False,,,,,,,
156642,github.com/golang/glog_GHSA-6wxm-mpqj-6jpf_GO-2025-3372,,False,,,,,,,
156642,github.com/gorilla/websocket_GHSA-3xh2-74w9-5vxm_GO-2020-0019,,False,,,,,,,
156642,github.com/prometheus/client_golang_GHSA-cg3q-j54f-5p7p_GO-2022-0322,,False,,,,,,,
156642,github.com/tendermint/tendermint_GHSA-3fm3-m23v-5r46_GHSA-6jqj-f58p-mrw3,,False,,,,,,,
156642,golang.org/x/net_GHSA-2wrh-6pvc-2jm9_GHSA-4374-p667-p6c8,,False,,,,,,,
156642,golang.org/x/oauth2_GHSA-6v2p-p543-phr9_GO-2025-3488,,False,,,,,,,
156642,golang.org/x/text_GHSA-5rcv-m4m3-hfh7_GHSA-69ch-w2m2-3vjp,,False,,,,,,,
156642,github.com/tendermint/tendermint_GHSA-6jqj-f58p-mrw3_GHSA-v24h-pjjv-mcp6,,False,,,,,,,
156642,golang.org/x/crypto_GHSA-hcg3-q754-cr77_GHSA-v778-237x-gjrc,,False,,,,,,,
156642,github.com/cosmos/cosmos-sdk_GHSA-23px-mw2p-46qm_GHSA-2557-x9mg-76w8,,False,,,,,,,
156642,github.com/dgrijalva/jwt-go_GHSA-w73w-5m7g-f7qc_GO-2020-0017,,False,,,,,,,
352071,golang.org/x/crypto_GHSA-f6x5-jh6r-wrfv_GHSA-hcg3-q754-cr77,,False,,,,,,,
352071,golang.org/x/net_GHSA-2wrh-6pvc-2jm9_GHSA-4374-p667-p6c8,,False,,,,,,,
352071,golang.org/x/text_GHSA-69ch-w2m2-3vjp_GO-2022-1059,,False,,,,,,,
352071,github.com/golang-jwt/jwt_GHSA-mh63-6h87-95cp_GO-2025-3553,,False,,,,,,,
352071,github.com/labstack/echo/v4_GHSA-crxj-hrmp-4rwf_GO-2022-1031,,False,,,,,,,
